site,treatment,trap_name,trap_number,trap_type,latitude,longitude,date_deployed,time_deployed,date_retrieved,time_retrieved,crab_bait_eaten,observer,species_code,carapace_width_mm,fish_length_mm,sex,entered_by,checked_by
Coughlin,Berm,Fish,5,Minnow_Trap,42.362997,70.975658,2023-06-21T00:00:00Z,1899-12-30T09:58:00Z,2023-06-22T00:00:00Z,8:35 AM,NA,Maddie,HESA,18.65,NA,NA,Eden,LD
Coughlin,Berm,Fish,4,Minnow_Trap,42.3631,70.96556,2023-06-21T00:00:00Z,1899-12-30T10:04:00Z,2023-06-22T00:00:00Z,8:46 AM,NA,CRM/AJ/ML,NOSP,NA,NA,NA,Amy,LD
Coughlin,Berm,Fish,3,Minnow_Trap,42.363045,70.975589,2023-06-21T00:00:00Z,1899-12-30T10:01:00Z,2023-06-22T00:00:00Z,8:37 AM,NA,Curtis,SYFU,NA,215,NA,Daniel,LD
Coughlin,Berm,Fish,3,Minnow_Trap,42.363045,70.975589,2023-06-21T00:00:00Z,1899-12-30T10:01:00Z,2023-06-22T00:00:00Z,8:37 AM,NA,Curtis,CAMA,NA,NA,NA,Daniel,LD
Coughlin,Berm,Fish,2,Minnow_Trap,42.36291,70.97579,2023-06-21T00:00:00Z,1899-12-30T09:51:00Z,2023-06-22T00:00:00Z,8:48 AM,NA,CRM/Amy,NOSP,NA,NA,NA,Daniel,LD
Coughlin,Berm,Fish,1,Minnow_Trap,42.362995,70.97565,2023-06-21T00:00:00Z,1899-12-30T09:56:00Z,2023-06-22T00:00:00Z,8:49 AM,NA,Maddy,NOSP,NA,NA,NA,Daniel,LD
Coughlin,Berm,Crab,5,Collapsible_Crab_Trap,42.362834,70.975771,2023-06-21T00:00:00Z,1899-12-30T09:50:00Z,2023-06-22T00:00:00Z,8:50 AM,Y,CRM/AJ/ML,CAMA,50.79,NA,NA,Eden,LD
Coughlin,Berm,Crab,4,Collapsible_Crab_Trap,42.36292,70.97572,2023-06-21T00:00:00Z,1899-12-30T09:54:00Z,2023-06-22T00:00:00Z,8:49 AM,Y,CRM/AJ/ML,CAMA,62.23,NA,NA,Eden,LD
Coughlin,Berm,Crab,3,Collapsible_Crab_Trap,42.36317,70.97552,2023-06-21T00:00:00Z,1899-12-30T10:03:00Z,2023-06-22T00:00:00Z,9:00 AM,Y,CRM/AJ/ML,CAMA,54,NA,NA,Amy,LD
Coughlin,Berm,Crab,3,Collapsible_Crab_Trap,42.36317,70.97552,2023-06-21T00:00:00Z,1899-12-30T10:03:00Z,2023-06-22T00:00:00Z,9:00 AM,Y,CRM/AJ/ML,CAMA,54,NA,NA,Amy,LD
Coughlin,Berm,Crab,3,Collapsible_Crab_Trap,42.36317,70.97552,2023-06-21T00:00:00Z,1899-12-30T10:03:00Z,2023-06-22T00:00:00Z,9:00 AM,Y,CRM/AJ/ML,CAMA,38,NA,NA,Amy,LD
Coughlin,Berm,Crab,3,Collapsible_Crab_Trap,42.36317,70.97552,2023-06-21T00:00:00Z,1899-12-30T10:03:00Z,2023-06-22T00:00:00Z,9:00 AM,Y,CRM/AJ/ML,CAMA,45,NA,NA,Amy,LD
Coughlin,Berm,Crab,3,Collapsible_Crab_Trap,42.36317,70.97552,2023-06-21T00:00:00Z,1899-12-30T10:03:00Z,2023-06-22T00:00:00Z,9:00 AM,Y,CRM/AJ/ML,CAMA,53,NA,NA,Amy,LD
Coughlin,Berm,Crab,3,Collapsible_Crab_Trap,42.36317,70.97552,2023-06-21T00:00:00Z,1899-12-30T10:03:00Z,2023-06-22T00:00:00Z,9:00 AM,Y,CRM/AJ/ML,CAMA,52,NA,NA,Amy,LD
Coughlin,Berm,Crab,3,Collapsible_Crab_Trap,42.36317,70.97552,2023-06-21T00:00:00Z,1899-12-30T10:03:00Z,2023-06-22T00:00:00Z,9:00 AM,Y,CRM/AJ/ML,CAMA,46,NA,NA,Amy,LD
Coughlin,Berm,Crab,3,Collapsible_Crab_Trap,42.36317,70.97552,2023-06-21T00:00:00Z,1899-12-30T10:03:00Z,2023-06-22T00:00:00Z,9:00 AM,Y,CRM/AJ/ML,CAMA,56,NA,NA,Amy,LD
Coughlin,Berm,Crab,3,Collapsible_Crab_Trap,42.36317,70.97552,2023-06-21T00:00:00Z,1899-12-30T10:03:00Z,2023-06-22T00:00:00Z,9:00 AM,Y,CRM/AJ/ML,CAMA,52,NA,NA,Amy,LD
Coughlin,Berm,Crab,3,Collapsible_Crab_Trap,42.36317,70.97552,2023-06-21T00:00:00Z,1899-12-30T10:03:00Z,2023-06-22T00:00:00Z,9:00 AM,Y,CRM/AJ/ML,CAMA,61,NA,NA,Amy,LD
Coughlin,Berm,Crab,3,Collapsible_Crab_Trap,42.36317,70.97552,2023-06-21T00:00:00Z,1899-12-30T10:03:00Z,2023-06-22T00:00:00Z,9:00 AM,Y,CRM/AJ/ML,CAMA,45,NA,NA,Amy,LD
Coughlin,Berm,Crab,3,Collapsible_Crab_Trap,42.36317,70.97552,2023-06-21T00:00:00Z,1899-12-30T10:03:00Z,2023-06-22T00:00:00Z,9:00 AM,Y,CRM/AJ/ML,CAMA,49,NA,NA,Amy,LD
Coughlin,Berm,Crab,3,Collapsible_Crab_Trap,42.36317,70.97552,2023-06-21T00:00:00Z,1899-12-30T10:03:00Z,2023-06-22T00:00:00Z,9:00 AM,Y,CRM/AJ/ML,CAMA,56,NA,NA,Amy,LD
Coughlin,Berm,Crab,3,Collapsible_Crab_Trap,42.36317,70.97552,2023-06-21T00:00:00Z,1899-12-30T10:03:00Z,2023-06-22T00:00:00Z,9:00 AM,Y,CRM/AJ/ML,CAMA,38,NA,NA,Amy,LD
Coughlin,Berm,Crab,3,Collapsible_Crab_Trap,42.36317,70.97552,2023-06-21T00:00:00Z,1899-12-30T10:03:00Z,2023-06-22T00:00:00Z,9:00 AM,Y,CRM/AJ/ML,CAMA,45,NA,NA,Amy,LD
Coughlin,Berm,Crab,3,Collapsible_Crab_Trap,42.36317,70.97552,2023-06-21T00:00:00Z,1899-12-30T10:03:00Z,2023-06-22T00:00:00Z,9:00 AM,Y,CRM/AJ/ML,CAMA,60,NA,NA,Amy,LD
Coughlin,Berm,Crab,3,Collapsible_Crab_Trap,42.36317,70.97552,2023-06-21T00:00:00Z,1899-12-30T10:03:00Z,2023-06-22T00:00:00Z,9:00 AM,Y,CRM/AJ/ML,CAMA,60,NA,NA,Amy,LD
Coughlin,Berm,Crab,3,Collapsible_Crab_Trap,42.36317,70.97552,2023-06-21T00:00:00Z,1899-12-30T10:03:00Z,2023-06-22T00:00:00Z,9:00 AM,Y,CRM/AJ/ML,CAMA,39,NA,NA,Amy,LD
Coughlin,Berm,Crab,3,Collapsible_Crab_Trap,42.36317,70.97552,2023-06-21T00:00:00Z,1899-12-30T10:03:00Z,2023-06-22T00:00:00Z,9:00 AM,Y,CRM/AJ/ML,CAMA,55,NA,NA,Amy,LD
Coughlin,Berm,Crab,3,Collapsible_Crab_Trap,42.36317,70.97552,2023-06-21T00:00:00Z,1899-12-30T10:03:00Z,2023-06-22T00:00:00Z,9:00 AM,Y,CRM/AJ/ML,CAMA,47,NA,NA,Amy,LD
Coughlin,Berm,Crab,3,Collapsible_Crab_Trap,42.36317,70.97552,2023-06-21T00:00:00Z,1899-12-30T10:03:00Z,2023-06-22T00:00:00Z,9:00 AM,Y,CRM/AJ/ML,CAMA,54,NA,NA,Amy,LD
Coughlin,Berm,Crab,3,Collapsible_Crab_Trap,42.36317,70.97552,2023-06-21T00:00:00Z,1899-12-30T10:03:00Z,2023-06-22T00:00:00Z,9:00 AM,Y,CRM/AJ/ML,CAMA,46,NA,NA,Amy,LD
Coughlin,Berm,Crab,3,Collapsible_Crab_Trap,42.36317,70.97552,2023-06-21T00:00:00Z,1899-12-30T10:03:00Z,2023-06-22T00:00:00Z,9:00 AM,Y,CRM/AJ/ML,CAMA,44,NA,NA,Amy,LD
Coughlin,Berm,Crab,3,Collapsible_Crab_Trap,42.36317,70.97552,2023-06-21T00:00:00Z,1899-12-30T10:03:00Z,2023-06-22T00:00:00Z,9:00 AM,Y,CRM/AJ/ML,CAMA,53,NA,NA,Amy,LD
Coughlin,Berm,Crab,3,Collapsible_Crab_Trap,42.36317,70.97552,2023-06-21T00:00:00Z,1899-12-30T10:03:00Z,2023-06-22T00:00:00Z,9:00 AM,Y,CRM/AJ/ML,CAMA,43,NA,NA,Amy,LD
Coughlin,Berm,Crab,3,Collapsible_Crab_Trap,42.36317,70.97552,2023-06-21T00:00:00Z,1899-12-30T10:03:00Z,2023-06-22T00:00:00Z,9:00 AM,Y,CRM/AJ/ML,CAMA,52,NA,NA,Amy,LD
Coughlin,Berm,Crab,3,Collapsible_Crab_Trap,42.36317,70.97552,2023-06-21T00:00:00Z,1899-12-30T10:03:00Z,2023-06-22T00:00:00Z,9:00 AM,Y,CRM/AJ/ML,CAMA,48,NA,NA,Amy,LD
Coughlin,Berm,Crab,3,Collapsible_Crab_Trap,42.36317,70.97552,2023-06-21T00:00:00Z,1899-12-30T10:03:00Z,2023-06-22T00:00:00Z,9:00 AM,Y,CRM/AJ/ML,CAMA,54,NA,NA,Amy,LD
Coughlin,Berm,Crab,3,Collapsible_Crab_Trap,42.36317,70.97552,2023-06-21T00:00:00Z,1899-12-30T10:03:00Z,2023-06-22T00:00:00Z,9:00 AM,Y,CRM/AJ/ML,CAMA,52,NA,NA,Amy,LD
Coughlin,Berm,Crab,3,Collapsible_Crab_Trap,42.36317,70.97552,2023-06-21T00:00:00Z,1899-12-30T10:03:00Z,2023-06-22T00:00:00Z,9:00 AM,Y,CRM/AJ/ML,CAMA,43,NA,NA,Amy,LD
Coughlin,Berm,Crab,3,Collapsible_Crab_Trap,42.36317,70.97552,2023-06-21T00:00:00Z,1899-12-30T10:03:00Z,2023-06-22T00:00:00Z,9:00 AM,Y,CRM/AJ/ML,CAMA,43,NA,NA,Amy,LD
Coughlin,Berm,Crab,3,Collapsible_Crab_Trap,42.36317,70.97552,2023-06-21T00:00:00Z,1899-12-30T10:03:00Z,2023-06-22T00:00:00Z,9:00 AM,Y,CRM/AJ/ML,CAMA,38,NA,NA,Amy,LD
Coughlin,Berm,Crab,3,Collapsible_Crab_Trap,42.36317,70.97552,2023-06-21T00:00:00Z,1899-12-30T10:03:00Z,2023-06-22T00:00:00Z,9:00 AM,Y,CRM/AJ/ML,CAMA,47,NA,NA,Amy,LD
Coughlin,Berm,Crab,3,Collapsible_Crab_Trap,42.36317,70.97552,2023-06-21T00:00:00Z,1899-12-30T10:03:00Z,2023-06-22T00:00:00Z,9:00 AM,Y,CRM/AJ/ML,CAMA,35,NA,NA,Amy,LD
Coughlin,Berm,Crab,3,Collapsible_Crab_Trap,42.36317,70.97552,2023-06-21T00:00:00Z,1899-12-30T10:03:00Z,2023-06-22T00:00:00Z,9:00 AM,Y,CRM/AJ/ML,CAMA,55,NA,NA,Amy,LD
Coughlin,Berm,Crab,3,Collapsible_Crab_Trap,42.36317,70.97552,2023-06-21T00:00:00Z,1899-12-30T10:03:00Z,2023-06-22T00:00:00Z,9:00 AM,Y,CRM/AJ/ML,CAMA,51,NA,NA,Amy,LD
Coughlin,Berm,Crab,2,Collapsible_Crab_Trap,42.36303,70.97555,2023-06-21T00:00:00Z,1899-12-30T10:01:00Z,2023-06-22T00:00:00Z,9:00 AM,Y,CRM/AJ/ML,CAMA,56.43,NA,NA,Eden,LD
Coughlin,Berm,Crab,2,Collapsible_Crab_Trap,42.36303,70.97555,2023-06-21T00:00:00Z,1899-12-30T10:01:00Z,2023-06-22T00:00:00Z,9:00 AM,Y,CRM/AJ/ML,CAMA,67.19,NA,NA,Eden,LD
Coughlin,Berm,Crab,2,Collapsible_Crab_Trap,42.36303,70.97555,2023-06-21T00:00:00Z,1899-12-30T10:01:00Z,2023-06-22T00:00:00Z,9:00 AM,Y,CRM/AJ/ML,CAMA,50.88,NA,NA,Eden,LD
Coughlin,Berm,Crab,2,Collapsible_Crab_Trap,42.36303,70.97555,2023-06-21T00:00:00Z,1899-12-30T10:01:00Z,2023-06-22T00:00:00Z,9:00 AM,Y,CRM/AJ/ML,CAMA,65.42,NA,NA,Eden,LD
Coughlin,Berm,Crab,2,Collapsible_Crab_Trap,42.36303,70.97555,2023-06-21T00:00:00Z,1899-12-30T10:01:00Z,2023-06-22T00:00:00Z,9:00 AM,Y,CRM/AJ/ML,CAMA,61.33,NA,NA,Eden,LD
Coughlin,Berm,Crab,2,Collapsible_Crab_Trap,42.36303,70.97555,2023-06-21T00:00:00Z,1899-12-30T10:01:00Z,2023-06-22T00:00:00Z,9:00 AM,Y,CRM/AJ/ML,CAMA,46,NA,NA,Eden,LD
Coughlin,Berm,Crab,2,Collapsible_Crab_Trap,42.36303,70.97555,2023-06-21T00:00:00Z,1899-12-30T10:01:00Z,2023-06-22T00:00:00Z,9:00 AM,Y,CRM/AJ/ML,CAMA,59,NA,NA,Eden,LD
Coughlin,Berm,Crab,2,Collapsible_Crab_Trap,42.36303,70.97555,2023-06-21T00:00:00Z,1899-12-30T10:01:00Z,2023-06-22T00:00:00Z,9:00 AM,Y,CRM/AJ/ML,CAMA,59,NA,NA,Eden,LD
Coughlin,Berm,Crab,2,Collapsible_Crab_Trap,42.36303,70.97555,2023-06-21T00:00:00Z,1899-12-30T10:01:00Z,2023-06-22T00:00:00Z,9:00 AM,Y,CRM/AJ/ML,CAMA,56,NA,NA,Eden,LD
Coughlin,Berm,Crab,2,Collapsible_Crab_Trap,42.36303,70.97555,2023-06-21T00:00:00Z,1899-12-30T10:01:00Z,2023-06-22T00:00:00Z,9:00 AM,Y,CRM/AJ/ML,CAMA,70,NA,NA,Eden,LD
Coughlin,Berm,Crab,2,Collapsible_Crab_Trap,42.36303,70.97555,2023-06-21T00:00:00Z,1899-12-30T10:01:00Z,2023-06-22T00:00:00Z,9:00 AM,Y,CRM/AJ/ML,CAMA,47,NA,NA,Eden,LD
Coughlin,Berm,Crab,2,Collapsible_Crab_Trap,42.36303,70.97555,2023-06-21T00:00:00Z,1899-12-30T10:01:00Z,2023-06-22T00:00:00Z,9:00 AM,Y,CRM/AJ/ML,CAMA,42,NA,NA,Eden,LD
Coughlin,Berm,Crab,2,Collapsible_Crab_Trap,42.36303,70.97555,2023-06-21T00:00:00Z,1899-12-30T10:01:00Z,2023-06-22T00:00:00Z,9:00 AM,Y,CRM/AJ/ML,CAMA,51,NA,NA,Eden,LD
Coughlin,Berm,Crab,2,Collapsible_Crab_Trap,42.36303,70.97555,2023-06-21T00:00:00Z,1899-12-30T10:01:00Z,2023-06-22T00:00:00Z,9:00 AM,Y,CRM/AJ/ML,CAMA,53,NA,NA,Eden,LD
Coughlin,Berm,Crab,2,Collapsible_Crab_Trap,42.36303,70.97555,2023-06-21T00:00:00Z,1899-12-30T10:01:00Z,2023-06-22T00:00:00Z,9:00 AM,Y,CRM/AJ/ML,CAMA,55,NA,NA,Eden,LD
Coughlin,Berm,Crab,2,Collapsible_Crab_Trap,42.36303,70.97555,2023-06-21T00:00:00Z,1899-12-30T10:01:00Z,2023-06-22T00:00:00Z,9:00 AM,Y,CRM/AJ/ML,CAMA,47,NA,NA,Eden,LD
Coughlin,Berm,Crab,2,Collapsible_Crab_Trap,42.36303,70.97555,2023-06-21T00:00:00Z,1899-12-30T10:01:00Z,2023-06-22T00:00:00Z,9:00 AM,Y,CRM/AJ/ML,CAMA,63,NA,NA,Eden,LD
Coughlin,Berm,Crab,2,Collapsible_Crab_Trap,42.36303,70.97555,2023-06-21T00:00:00Z,1899-12-30T10:01:00Z,2023-06-22T00:00:00Z,9:00 AM,Y,CRM/AJ/ML,CAMA,50,NA,NA,Eden,LD
Coughlin,Berm,Crab,1,Collapsible_Crab_Trap,42.36304,70.97562,2023-06-21T00:00:00Z,1899-12-30T09:58:00Z,2023-06-22T00:00:00Z,8:37 AM,Y,CRM/AJ/ML,NOSP,NA,NA,NA,Eden,LD
Coughlin,Control,Fish,9,Minnow_Trap,42.36132,70.97572,2023-06-21T00:00:00Z,1899-12-30T10:53:00Z,2023-06-22T00:00:00Z,9:35 AM,NA,CRM/AJ/ML,NOSP,NA,NA,NA,Amy,LD
Coughlin,Control,Fish,8,Minnow_Trap,42.36165,70.97591,2023-06-21T00:00:00Z,1899-12-30T10:39:00Z,2023-06-22T00:00:00Z,9:29 AM,NA,CRM/AJ/ML,NOSP,NA,NA,NA,Amy,LD
Coughlin,Control,Fish,7,Minnow_Trap,42.36146,70.97583,2023-06-21T00:00:00Z,1899-12-30T10:46:00Z,2023-06-22T00:00:00Z,9:29 AM,NA,CRM/AJ/ML,NOSP,NA,NA,NA,Amy,LD
Coughlin,Control,Fish,6,Minnow_Trap,42.36313,70.975532,2023-06-21T00:00:00Z,1899-12-30T10:45:00Z,2023-06-22T00:00:00Z,9:29 AM,NA,CRM/AJ/ML,NOSP,NA,NA,NA,Amy,LD
Coughlin,Control,Fish,10,Minnow_Trap,42.36137,70.97576,2023-06-21T00:00:00Z,1899-12-30T10:50:00Z,2023-06-22T00:00:00Z,9:40 AM,NA,CRM/AJ/ML,MYSP,NA,40,NA,Amy,LD
Coughlin,Control,Crab,9,Collapsible_Crab_Trap,42.361749,70.97576,2023-06-21T00:00:00Z,1899-12-30T10:40:00Z,2023-06-22T00:00:00Z,9:40 AM,Y,CRM/AJ/ML,CAMA,64,NA,NA,Amy,LD
Coughlin,Control,Crab,9,Collapsible_Crab_Trap,42.361749,70.97576,2023-06-21T00:00:00Z,1899-12-30T10:40:00Z,2023-06-22T00:00:00Z,9:40 AM,Y,CRM/AJ/ML,CAMA,73,NA,NA,Amy,LD
Coughlin,Control,Crab,9,Collapsible_Crab_Trap,42.361749,70.97576,2023-06-21T00:00:00Z,1899-12-30T10:40:00Z,2023-06-22T00:00:00Z,9:40 AM,Y,CRM/AJ/ML,CAMA,45,NA,NA,Amy,LD
Coughlin,Control,Crab,8,Collapsible_Crab_Trap,42.361061,70.97478,2023-06-21T00:00:00Z,1899-12-30T10:51:00Z,2023-06-22T00:00:00Z,9:35 AM,Y,CRM/AJ/ML,CAMA,63,NA,NA,Amy,LD
Coughlin,Control,Crab,8,Collapsible_Crab_Trap,42.361061,70.97478,2023-06-21T00:00:00Z,1899-12-30T10:51:00Z,2023-06-22T00:00:00Z,9:35 AM,Y,CRM/AJ/ML,CAMA,64,NA,NA,Amy,LD
Coughlin,Control,Crab,8,Collapsible_Crab_Trap,42.361061,70.97478,2023-06-21T00:00:00Z,1899-12-30T10:51:00Z,2023-06-22T00:00:00Z,9:35 AM,Y,CRM/AJ/ML,CAMA,44,NA,NA,Amy,LD
Coughlin,Control,Crab,8,Collapsible_Crab_Trap,42.361061,70.97478,2023-06-21T00:00:00Z,1899-12-30T10:51:00Z,2023-06-22T00:00:00Z,9:35 AM,Y,CRM/AJ/ML,CAMA,49,NA,NA,Amy,LD
Coughlin,Control,Crab,8,Collapsible_Crab_Trap,42.361061,70.97478,2023-06-21T00:00:00Z,1899-12-30T10:51:00Z,2023-06-22T00:00:00Z,9:35 AM,Y,CRM/AJ/ML,CAMA,48,NA,NA,Amy,LD
Coughlin,Control,Crab,8,Collapsible_Crab_Trap,42.361061,70.97478,2023-06-21T00:00:00Z,1899-12-30T10:51:00Z,2023-06-22T00:00:00Z,9:35 AM,Y,CRM/AJ/ML,CAMA,28,NA,NA,Amy,LD
Coughlin,Control,Crab,8,Collapsible_Crab_Trap,42.361061,70.97478,2023-06-21T00:00:00Z,1899-12-30T10:51:00Z,2023-06-22T00:00:00Z,9:35 AM,Y,CRM/AJ/ML,CAMA,43,NA,NA,Amy,LD
Coughlin,Control,Crab,8,Collapsible_Crab_Trap,42.361061,70.97478,2023-06-21T00:00:00Z,1899-12-30T10:51:00Z,2023-06-22T00:00:00Z,9:35 AM,Y,CRM/AJ/ML,CAMA,31,NA,NA,Amy,LD
Coughlin,Control,Crab,8,Collapsible_Crab_Trap,42.361061,70.97478,2023-06-21T00:00:00Z,1899-12-30T10:51:00Z,2023-06-22T00:00:00Z,9:35 AM,Y,CRM/AJ/ML,CAMA,40,NA,NA,Amy,LD
Coughlin,Control,Crab,8,Collapsible_Crab_Trap,42.361061,70.97478,2023-06-21T00:00:00Z,1899-12-30T10:51:00Z,2023-06-22T00:00:00Z,9:35 AM,Y,CRM/AJ/ML,CAMA,69,NA,NA,Amy,LD
Coughlin,Control,Crab,8,Collapsible_Crab_Trap,42.361061,70.97478,2023-06-21T00:00:00Z,1899-12-30T10:51:00Z,2023-06-22T00:00:00Z,9:35 AM,Y,CRM/AJ/ML,CAMA,36,NA,NA,Amy,LD
Coughlin,Control,Crab,8,Collapsible_Crab_Trap,42.361061,70.97478,2023-06-21T00:00:00Z,1899-12-30T10:51:00Z,2023-06-22T00:00:00Z,9:35 AM,Y,CRM/AJ/ML,CAMA,68,NA,NA,Amy,LD
Coughlin,Control,Crab,8,Collapsible_Crab_Trap,42.361061,70.97478,2023-06-21T00:00:00Z,1899-12-30T10:51:00Z,2023-06-22T00:00:00Z,9:35 AM,Y,CRM/AJ/ML,CAMA,57,NA,NA,Amy,LD
Coughlin,Control,Crab,8,Collapsible_Crab_Trap,42.361061,70.97478,2023-06-21T00:00:00Z,1899-12-30T10:51:00Z,2023-06-22T00:00:00Z,9:35 AM,Y,CRM/AJ/ML,CAMA,65,NA,NA,Amy,LD
Coughlin,Control,Crab,8,Collapsible_Crab_Trap,42.361061,70.97478,2023-06-21T00:00:00Z,1899-12-30T10:51:00Z,2023-06-22T00:00:00Z,9:35 AM,Y,CRM/AJ/ML,CAMA,57,NA,NA,Amy,LD
Coughlin,Control,Crab,8,Collapsible_Crab_Trap,42.361061,70.97478,2023-06-21T00:00:00Z,1899-12-30T10:51:00Z,2023-06-22T00:00:00Z,9:35 AM,Y,CRM/AJ/ML,CAMA,68,NA,NA,Amy,LD
Coughlin,Control,Crab,8,Collapsible_Crab_Trap,42.361061,70.97478,2023-06-21T00:00:00Z,1899-12-30T10:51:00Z,2023-06-22T00:00:00Z,9:35 AM,Y,CRM/AJ/ML,CAMA,70,NA,NA,Amy,LD
Coughlin,Control,Crab,8,Collapsible_Crab_Trap,42.361061,70.97478,2023-06-21T00:00:00Z,1899-12-30T10:51:00Z,2023-06-22T00:00:00Z,9:35 AM,Y,CRM/AJ/ML,CAMA,71,NA,NA,Amy,LD
Coughlin,Control,Crab,8,Collapsible_Crab_Trap,42.361061,70.97478,2023-06-21T00:00:00Z,1899-12-30T10:51:00Z,2023-06-22T00:00:00Z,9:35 AM,Y,CRM/AJ/ML,CAMA,61,NA,NA,Amy,LD
Coughlin,Control,Crab,8,Collapsible_Crab_Trap,42.361061,70.97478,2023-06-21T00:00:00Z,1899-12-30T10:51:00Z,2023-06-22T00:00:00Z,9:35 AM,Y,CRM/AJ/ML,CAMA,49,NA,NA,Amy,LD
Coughlin,Control,Crab,7,Collapsible_Crab_Trap,42.361131,70.974669,2023-06-21T00:00:00Z,1899-12-30T10:45:00Z,2023-06-22T00:00:00Z,9:40 AM,Y,CRM/AJ/ML,CAMA,39,NA,NA,Amy,LD
Coughlin,Control,Crab,6,Collapsible_Crab_Trap,42.361462,70.975633,2023-06-21T00:00:00Z,1899-12-30T09:35:00Z,2023-06-22T00:00:00Z,9:40 AM,Y,CRM/AJ/ML,CAMA,45,NA,NA,Amy,LD
Coughlin,Control,Crab,6,Collapsible_Crab_Trap,42.361462,70.975633,2023-06-21T00:00:00Z,1899-12-30T09:35:00Z,2023-06-22T00:00:00Z,9:40 AM,Y,CRM/AJ/ML,CAMA,55,NA,NA,Amy,LD
Coughlin,Control,Crab,6,Collapsible_Crab_Trap,42.361462,70.975633,2023-06-21T00:00:00Z,1899-12-30T09:35:00Z,2023-06-22T00:00:00Z,9:40 AM,Y,CRM/AJ/ML,CAMA,43,NA,NA,Amy,LD
Coughlin,Control,Crab,10,Collapsible_Crab_Trap,42.361645,70.975855,2023-06-21T00:00:00Z,1899-12-30T10:42:00Z,2023-06-22T00:00:00Z,9:40 AM,Y,CRM/AJ/ML,NOSP,NA,NA,NA,Amy,LD
Bayside,Berm,Fish,5,Minnow_Trap,42.32323,71.04508,2023-06-26T00:00:00Z,1899-12-30T12:21:00Z,2023-06-27T00:00:00Z,1:35 PM,NA,CRM/AJ/ML,HESA,16,NA,M,Amy,AJ
Bayside,Berm,Fish,4,Minnow_Trap,42.32334,71.04553,2023-06-26T00:00:00Z,1899-12-30T12:38:00Z,2023-06-27T00:00:00Z,1:26 PM,NA,CRM/AJ/ML,NOSP,NA,NA,NA,Amy,AJ
Bayside,Berm,Fish,3,Minnow_Trap,42.32325,71.04518,2023-06-26T00:00:00Z,1899-12-30T12:27:00Z,2023-06-27T00:00:00Z,1:31 PM,NA,CRM/AJ/ML,NOSP,NA,NA,NA,Amy,AJ
Bayside,Berm,Fish,2,Minnow_Trap,42.32335,71.045542,2023-06-26T00:00:00Z,1899-12-30T12:36:00Z,2023-06-27T00:00:00Z,1:27 PM,NA,CRM/AJ/ML,NOSP,NA,NA,NA,Amy,AJ
Bayside,Berm,Fish,1,Minnow_Trap,42.32328,71.04532,2023-06-26T00:00:00Z,1899-12-30T12:33:00Z,2023-06-27T00:00:00Z,1:30 PM,NA,CRM/AJ/ML,NOSP,NA,NA,NA,Amy,AJ
Bayside,Berm,Crab,9,Collapsible_Crab_Trap,42.328325,71.041976,2023-06-26T00:00:00Z,1899-12-30T12:34:00Z,2023-06-27T00:00:00Z,1:29 PM,Y,CRM/AJ/ML,CAMA,48,NA,F,Amy,AJ
Bayside,Berm,Crab,9,Collapsible_Crab_Trap,42.328325,71.041976,2023-06-26T00:00:00Z,1899-12-30T12:34:00Z,2023-06-27T00:00:00Z,1:29 PM,Y,CRM/AJ/ML,CAMA,56,NA,F,Amy,AJ
Bayside,Berm,Crab,9,Collapsible_Crab_Trap,42.328325,71.041976,2023-06-26T00:00:00Z,1899-12-30T12:34:00Z,2023-06-27T00:00:00Z,1:29 PM,Y,CRM/AJ/ML,CAMA,49,NA,F,Amy,AJ
Bayside,Berm,Crab,8,Collapsible_Crab_Trap,42.325309,71.044785,2023-06-26T00:00:00Z,1899-12-30T12:26:00Z,2023-06-27T00:00:00Z,1:34 PM,Y,CRM/AJ/ML,CAMA,42,NA,F,Amy,AJ
Bayside,Berm,Crab,8,Collapsible_Crab_Trap,42.325309,71.044785,2023-06-26T00:00:00Z,1899-12-30T12:26:00Z,2023-06-27T00:00:00Z,1:34 PM,Y,CRM/AJ/ML,CAMA,45,NA,F,Amy,AJ
Bayside,Berm,Crab,8,Collapsible_Crab_Trap,42.325309,71.044785,2023-06-26T00:00:00Z,1899-12-30T12:26:00Z,2023-06-27T00:00:00Z,1:34 PM,Y,CRM/AJ/ML,CAMA,48,NA,F,Amy,AJ
Bayside,Berm,Crab,8,Collapsible_Crab_Trap,42.325309,71.044785,2023-06-26T00:00:00Z,1899-12-30T12:26:00Z,2023-06-27T00:00:00Z,1:34 PM,Y,CRM/AJ/ML,CAMA,47,NA,M,Amy,AJ
Bayside,Berm,Crab,8,Collapsible_Crab_Trap,42.325309,71.044785,2023-06-26T00:00:00Z,1899-12-30T12:26:00Z,2023-06-27T00:00:00Z,1:34 PM,Y,CRM/AJ/ML,CAMA,63,NA,M,Amy,AJ
Bayside,Berm,Crab,8,Collapsible_Crab_Trap,42.325309,71.044785,2023-06-26T00:00:00Z,1899-12-30T12:26:00Z,2023-06-27T00:00:00Z,1:34 PM,Y,CRM/AJ/ML,CAMA,49,NA,F,Amy,AJ
Bayside,Berm,Crab,8,Collapsible_Crab_Trap,42.325309,71.044785,2023-06-26T00:00:00Z,1899-12-30T12:26:00Z,2023-06-27T00:00:00Z,1:34 PM,Y,CRM/AJ/ML,CAMA,58,NA,F,Amy,AJ
Bayside,Berm,Crab,8,Collapsible_Crab_Trap,42.325309,71.044785,2023-06-26T00:00:00Z,1899-12-30T12:26:00Z,2023-06-27T00:00:00Z,1:34 PM,Y,CRM/AJ/ML,CAMA,52,NA,F,Amy,AJ
Bayside,Berm,Crab,8,Collapsible_Crab_Trap,42.325309,71.044785,2023-06-26T00:00:00Z,1899-12-30T12:26:00Z,2023-06-27T00:00:00Z,1:34 PM,Y,CRM/AJ/ML,CAMA,51,NA,F,Amy,AJ
Bayside,Berm,Crab,8,Collapsible_Crab_Trap,42.325309,71.044785,2023-06-26T00:00:00Z,1899-12-30T12:26:00Z,2023-06-27T00:00:00Z,1:34 PM,Y,CRM/AJ/ML,CAMA,58,NA,M,Amy,AJ
Bayside,Berm,Crab,8,Collapsible_Crab_Trap,42.325309,71.044785,2023-06-26T00:00:00Z,1899-12-30T12:26:00Z,2023-06-27T00:00:00Z,1:34 PM,Y,CRM/AJ/ML,CAMA,41,NA,F,Amy,AJ
Bayside,Berm,Crab,8,Collapsible_Crab_Trap,42.325309,71.044785,2023-06-26T00:00:00Z,1899-12-30T12:26:00Z,2023-06-27T00:00:00Z,1:34 PM,Y,CRM/AJ/ML,CAMA,51,NA,F,Amy,AJ
Bayside,Berm,Crab,8,Collapsible_Crab_Trap,42.325309,71.044785,2023-06-26T00:00:00Z,1899-12-30T12:26:00Z,2023-06-27T00:00:00Z,1:34 PM,Y,CRM/AJ/ML,CAMA,52,NA,F,Amy,AJ
Bayside,Berm,Crab,8,Collapsible_Crab_Trap,42.325309,71.044785,2023-06-26T00:00:00Z,1899-12-30T12:26:00Z,2023-06-27T00:00:00Z,1:34 PM,Y,CRM/AJ/ML,CAMA,44,NA,F,Amy,AJ
Bayside,Berm,Crab,8,Collapsible_Crab_Trap,42.325309,71.044785,2023-06-26T00:00:00Z,1899-12-30T12:26:00Z,2023-06-27T00:00:00Z,1:34 PM,Y,CRM/AJ/ML,CAMA,49,NA,M,Amy,AJ
Bayside,Berm,Crab,7,Collapsible_Crab_Trap,42.323224,71.045014,2023-06-26T00:00:00Z,1899-12-30T12:20:00Z,2023-06-27T00:00:00Z,1:37 PM,Y,CRM/AJ/ML,CAMA,67,NA,M,Amy,AJ
Bayside,Berm,Crab,6,Collapsible_Crab_Trap,42.32323303,71.04525,2023-06-26T00:00:00Z,1899-12-30T12:28:00Z,2023-06-27T00:00:00Z,1:31 PM,Y,CRM/AJ/ML,CAMA,51,NA,F,Amy,AJ
Bayside,Berm,Crab,6,Collapsible_Crab_Trap,42.32323303,71.04525,2023-06-26T00:00:00Z,1899-12-30T12:28:00Z,2023-06-27T00:00:00Z,1:31 PM,Y,CRM/AJ/ML,CAMA,58,NA,M,Amy,AJ
Bayside,Berm,Crab,6,Collapsible_Crab_Trap,42.32323303,71.04525,2023-06-26T00:00:00Z,1899-12-30T12:28:00Z,2023-06-27T00:00:00Z,1:31 PM,Y,CRM/AJ/ML,CAMA,50,NA,NA,Amy,AJ
Bayside,Berm,Crab,6,Collapsible_Crab_Trap,42.32323303,71.04525,2023-06-26T00:00:00Z,1899-12-30T12:28:00Z,2023-06-27T00:00:00Z,1:31 PM,Y,CRM/AJ/ML,CAMA,48,NA,F,Amy,AJ
Bayside,Berm,Crab,10,Collapsible_Crab_Trap,42.323703,71.045385,2023-06-26T00:00:00Z,1899-12-30T12:37:00Z,2023-06-27T00:00:00Z,1:26 PM,Y,CRM/AJ/ML,CAMA,61,NA,M,Amy,AJ
Bayside,Berm,Crab,10,Collapsible_Crab_Trap,42.323703,71.045385,2023-06-26T00:00:00Z,1899-12-30T12:37:00Z,2023-06-27T00:00:00Z,1:26 PM,Y,CRM/AJ/ML,CAMA,52,NA,M,Amy,AJ
Bayside,Berm,Crab,10,Collapsible_Crab_Trap,42.323703,71.045385,2023-06-26T00:00:00Z,1899-12-30T12:37:00Z,2023-06-27T00:00:00Z,1:26 PM,Y,CRM/AJ/ML,CAMA,63,NA,M,Amy,AJ
Bayside,Control,Fish,9,Minnow_Trap,42.32196,71.04316,2023-06-26T00:00:00Z,1899-12-30T11:50:00Z,2023-06-27T00:00:00Z,1:00 PM,NA,CRM/AJ/ML,CAMA,15,NA,NA,Amy,AJ
Bayside,Control,Fish,8,Minnow_Trap,42.330269,71.044832,2023-06-26T00:00:00Z,1899-12-30T11:58:00Z,2023-06-27T00:00:00Z,1:04 PM,NA,CRM/AJ/ML,NOSP,NA,NA,NA,Amy,AJ
Bayside,Control,Fish,7,Minnow_Trap,42.322206,71.04317,2023-06-26T00:00:00Z,1899-12-30T11:53:00Z,2023-06-27T00:00:00Z,1:03 PM,NA,CRM/AJ/ML,CAMA,35,NA,F,Amy,AJ
Bayside,Control,Fish,6,Minnow_Trap,42.321275,71.043519,2023-06-26T00:00:00Z,1899-12-30T11:42:00Z,2023-06-27T00:00:00Z,12:58 PM,NA,CRM/AJ/ML,NOSP,NA,NA,NA,Amy,AJ
Bayside,Control,Fish,10,Minnow_Trap,42.32192,71.04312,2023-06-26T00:00:00Z,1899-12-30T11:47:00Z,2023-06-27T00:00:00Z,12:59 PM,NA,CRM/AJ/ML,CAMA,14,NA,M,Amy,AJ
Bayside,Control,Crab,5,Collapsible_Crab_Trap,42.32123,71.043444,2023-06-26T00:00:00Z,1899-12-30T11:54:00Z,2023-06-27T00:00:00Z,1:04 PM,Y,CRM/AJ/ML,NOSP,NA,NA,NA,Amy,AJ
Bayside,Control,Crab,4,Collapsible_Crab_Trap,42.321501,71.043086,2023-06-26T00:00:00Z,1899-12-30T11:45:00Z,2023-06-27T00:00:00Z,12:58 PM,Y,CRM/AJ/ML,NOSP,NA,NA,NA,Amy,AJ
Bayside,Control,Crab,3,Collapsible_Crab_Trap,42.329295,71.043891,2023-06-26T00:00:00Z,1899-12-30T11:52:00Z,2023-06-27T00:00:00Z,1:02 PM,Y,CRM/AJ/ML,CAMA,55,NA,NA,Amy,AJ
Bayside,Control,Crab,3,Collapsible_Crab_Trap,42.329295,71.043891,2023-06-26T00:00:00Z,1899-12-30T11:52:00Z,2023-06-27T00:00:00Z,1:07 PM,Y,CRM/AJ/ML,CAMA,44,NA,F,Amy,AJ
Bayside,Control,Crab,3,Collapsible_Crab_Trap,42.329295,71.043891,2023-06-26T00:00:00Z,1899-12-30T11:52:00Z,2023-06-27T00:00:00Z,1:07 PM,Y,CRM/AJ/ML,CAMA,48,NA,F,Amy,AJ
Bayside,Control,Crab,3,Collapsible_Crab_Trap,42.329295,71.043891,2023-06-26T00:00:00Z,1899-12-30T11:52:00Z,2023-06-27T00:00:00Z,1:07 PM,Y,CRM/AJ/ML,CAMA,42,NA,M,Amy,AJ
Bayside,Control,Crab,3,Collapsible_Crab_Trap,42.329295,71.043891,2023-06-26T00:00:00Z,1899-12-30T11:52:00Z,2023-06-27T00:00:00Z,1:07 PM,Y,CRM/AJ/ML,CAMA,52,NA,F,Amy,AJ
Bayside,Control,Crab,3,Collapsible_Crab_Trap,42.329295,71.043891,2023-06-26T00:00:00Z,1899-12-30T11:52:00Z,2023-06-27T00:00:00Z,1:07 PM,Y,CRM/AJ/ML,CAMA,47,NA,F,Amy,AJ
Bayside,Control,Crab,3,Collapsible_Crab_Trap,42.329295,71.043891,2023-06-26T00:00:00Z,1899-12-30T11:52:00Z,2023-06-27T00:00:00Z,1:07 PM,Y,CRM/AJ/ML,CAMA,33,NA,M,Amy,AJ
Bayside,Control,Crab,3,Collapsible_Crab_Trap,42.329295,71.043891,2023-06-26T00:00:00Z,1899-12-30T11:52:00Z,2023-06-27T00:00:00Z,1:07 PM,Y,CRM/AJ/ML,CAMA,56,NA,F,Amy,AJ
Bayside,Control,Crab,3,Collapsible_Crab_Trap,42.329295,71.043891,2023-06-26T00:00:00Z,1899-12-30T11:52:00Z,2023-06-27T00:00:00Z,1:07 PM,Y,CRM/AJ/ML,CAMA,58,NA,F,Amy,AJ
Bayside,Control,Crab,3,Collapsible_Crab_Trap,42.329295,71.043891,2023-06-26T00:00:00Z,1899-12-30T11:52:00Z,2023-06-27T00:00:00Z,1:07 PM,Y,CRM/AJ/ML,CAMA,49,NA,F,Amy,AJ
Bayside,Control,Crab,3,Collapsible_Crab_Trap,42.329295,71.043891,2023-06-26T00:00:00Z,1899-12-30T11:52:00Z,2023-06-27T00:00:00Z,1:07 PM,Y,CRM/AJ/ML,CAMA,49,NA,F,Amy,AJ
Bayside,Control,Crab,3,Collapsible_Crab_Trap,42.329295,71.043891,2023-06-26T00:00:00Z,1899-12-30T11:52:00Z,2023-06-27T00:00:00Z,1:07 PM,Y,CRM/AJ/ML,CAMA,53,NA,F,Amy,AJ
Bayside,Control,Crab,3,Collapsible_Crab_Trap,42.329295,71.043891,2023-06-26T00:00:00Z,1899-12-30T11:52:00Z,2023-06-27T00:00:00Z,1:07 PM,Y,CRM/AJ/ML,CAMA,46,NA,M,Amy,AJ
Bayside,Control,Crab,3,Collapsible_Crab_Trap,42.329295,71.043891,2023-06-26T00:00:00Z,1899-12-30T11:52:00Z,2023-06-27T00:00:00Z,1:07 PM,Y,CRM/AJ/ML,CAMA,52,NA,F,Amy,AJ
Bayside,Control,Crab,3,Collapsible_Crab_Trap,42.329295,71.043891,2023-06-26T00:00:00Z,1899-12-30T11:52:00Z,2023-06-27T00:00:00Z,1:07 PM,Y,CRM/AJ/ML,CAMA,41,NA,F,Amy,AJ
Bayside,Control,Crab,3,Collapsible_Crab_Trap,42.329295,71.043891,2023-06-26T00:00:00Z,1899-12-30T11:52:00Z,2023-06-27T00:00:00Z,1:07 PM,Y,CRM/AJ/ML,CAMA,27,NA,M,Amy,AJ
Bayside,Control,Crab,3,Collapsible_Crab_Trap,42.329295,71.043891,2023-06-26T00:00:00Z,1899-12-30T11:52:00Z,2023-06-27T00:00:00Z,1:07 PM,Y,CRM/AJ/ML,CAMA,49,NA,F,Amy,AJ
Bayside,Control,Crab,3,Collapsible_Crab_Trap,42.329295,71.043891,2023-06-26T00:00:00Z,1899-12-30T11:52:00Z,2023-06-27T00:00:00Z,1:07 PM,Y,CRM/AJ/ML,CAMA,49,NA,F,Amy,AJ
Bayside,Control,Crab,3,Collapsible_Crab_Trap,42.329295,71.043891,2023-06-26T00:00:00Z,1899-12-30T11:52:00Z,2023-06-27T00:00:00Z,1:07 PM,Y,CRM/AJ/ML,CAMA,45,NA,F,Amy,AJ
Bayside,Control,Crab,3,Collapsible_Crab_Trap,42.329295,71.043891,2023-06-26T00:00:00Z,1899-12-30T11:52:00Z,2023-06-27T00:00:00Z,1:07 PM,Y,CRM/AJ/ML,ANRO,NA,470,NA,Amy,AJ
Bayside,Control,Crab,2,Collapsible_Crab_Trap,42.321784,71.042958,2023-06-26T00:00:00Z,1899-12-30T11:38:00Z,2023-06-27T00:00:00Z,12:55 PM,Y,CRM/AJ/ML,CAMA,39,NA,F,Amy,AJ
Bayside,Control,Crab,2,Collapsible_Crab_Trap,42.321784,71.042958,2023-06-26T00:00:00Z,1899-12-30T11:38:00Z,2023-06-27T00:00:00Z,12:55 PM,Y,CRM/AJ/ML,CAMA,55,NA,F,Amy,AJ
Bayside,Control,Crab,2,Collapsible_Crab_Trap,42.321784,71.042958,2023-06-26T00:00:00Z,1899-12-30T11:38:00Z,2023-06-27T00:00:00Z,12:55 PM,Y,CRM/AJ/ML,CAMA,68,NA,M,Amy,AJ
Bayside,Control,Crab,2,Collapsible_Crab_Trap,42.321784,71.042958,2023-06-26T00:00:00Z,1899-12-30T11:38:00Z,2023-06-27T00:00:00Z,12:55 PM,Y,CRM/AJ/ML,CAMA,58,NA,F,Amy,AJ
Bayside,Control,Crab,1,Collapsible_Crab_Trap,42.321237000000004,71.043513,2023-06-26T00:00:00Z,1899-12-30T11:47:00Z,2023-06-27T00:00:00Z,1:00 PM,Y,CRM/AJ/ML,NOSP,NA,NA,NA,Amy,AJ
Duxbury_Beach,Berm,Fish,10,Minnow_Trap,42.043348,70.640271,2023-06-29T00:00:00Z,1899-12-30T15:42:00Z,2023-06-30T00:00:00Z,2:28 PM,NA,CRM,CAMA,31,NA,M,ML,AJ
Duxbury_Beach,Berm,Crab,4,Collapsible_Crab_Trap,42.043415,70.640256,2023-06-29T00:00:00Z,1899-12-30T15:42:00Z,2023-06-30T00:00:00Z,2:28 PM,Y,CRM,CAMA,55,NA,F,ML,AJ
Duxbury_Beach,Berm,Crab,4,Collapsible_Crab_Trap,42.043415,70.640256,2023-06-29T00:00:00Z,1899-12-30T15:42:00Z,2023-06-30T00:00:00Z,2:28 PM,Y,CRM,CAMA,49,NA,F,ML,AJ
Duxbury_Beach,Berm,Fish,5,Minnow_Trap,42.04292,70.639839,2023-06-29T00:00:00Z,1899-12-30T15:50:00Z,2023-06-30T00:00:00Z,2:33 PM,NA,CRM,HESA,16,NA,M,ML,AJ
Duxbury_Beach,Berm,Crab,9,Collapsible_Crab_Trap,42.043077,70.640053,2023-06-29T00:00:00Z,1899-12-30T15:49:00Z,2023-06-30T00:00:00Z,2:35 PM,Y,CRM,CAMA,46,NA,M,ML,AJ
Duxbury_Beach,Berm,Crab,9,Collapsible_Crab_Trap,42.043077,70.640053,2023-06-29T00:00:00Z,1899-12-30T15:49:00Z,2023-06-30T00:00:00Z,2:35 PM,Y,CRM,CAMA,59,NA,M,ML,AJ
Duxbury_Beach,Berm,Crab,9,Collapsible_Crab_Trap,42.043077,70.640053,2023-06-29T00:00:00Z,1899-12-30T15:49:00Z,2023-06-30T00:00:00Z,2:35 PM,Y,CRM,CAMA,45,NA,F,ML,AJ
Duxbury_Beach,Berm,Crab,9,Collapsible_Crab_Trap,42.043077,70.640053,2023-06-29T00:00:00Z,1899-12-30T15:49:00Z,2023-06-30T00:00:00Z,2:35 PM,Y,CRM,CAMA,70,NA,M,ML,AJ
Duxbury_Beach,Berm,Crab,10,Collapsible_Crab_Trap,42.043006,70.639962,2023-06-29T00:00:00Z,1899-12-30T15:48:00Z,2023-06-30T00:00:00Z,2:38 PM,Y,CRM,CAMA,60,NA,M,ML,AJ
Duxbury_Beach,Berm,Crab,10,Collapsible_Crab_Trap,42.043006,70.639962,2023-06-29T00:00:00Z,1899-12-30T15:48:00Z,2023-06-30T00:00:00Z,2:38 PM,Y,CRM,CAMA,65,NA,M,ML,AJ
Duxbury_Beach,Berm,Crab,7,Collapsible_Crab_Trap,42.043162,70.640092,2023-06-29T00:00:00Z,1899-12-30T15:47:00Z,2023-06-30T00:00:00Z,2:40 PM,Y,CRM,CAMA,51,NA,M,ML,AJ
Duxbury_Beach,Berm,Crab,7,Collapsible_Crab_Trap,42.043162,70.640092,2023-06-29T00:00:00Z,1899-12-30T15:47:00Z,2023-06-30T00:00:00Z,2:40 PM,Y,CRM,CAMA,76,NA,M,ML,AJ
Duxbury_Beach,Berm,Crab,3,Collapsible_Crab_Trap,42.043344,70.640262,2023-06-29T00:00:00Z,1899-12-30T15:44:00Z,2023-06-30T00:00:00Z,2:42 PM,Y,CRM,CAMA,50,NA,NA,ml,AJ
Duxbury_Beach,Berm,Crab,3,Collapsible_Crab_Trap,42.043344,70.640262,2023-06-29T00:00:00Z,1899-12-30T15:44:00Z,2023-06-30T00:00:00Z,2:42 PM,Y,CRM,CAMA,60,NA,M,ml,AJ
Duxbury_Beach,Berm,Crab,3,Collapsible_Crab_Trap,42.043344,70.640262,2023-06-29T00:00:00Z,1899-12-30T15:44:00Z,2023-06-30T00:00:00Z,2:42 PM,Y,CRM,CAMA,59,NA,M,ml,AJ
Duxbury_Beach,Berm,Crab,3,Collapsible_Crab_Trap,42.043344,70.640262,2023-06-29T00:00:00Z,1899-12-30T15:44:00Z,2023-06-30T00:00:00Z,2:42 PM,Y,CRM,CAMA,62,NA,M,ml,AJ
Duxbury_Beach,Berm,Crab,3,Collapsible_Crab_Trap,42.043344,70.640262,2023-06-29T00:00:00Z,1899-12-30T15:44:00Z,2023-06-30T00:00:00Z,2:42 PM,Y,CRM,CAMA,41,NA,F,ml,AJ
Duxbury_Beach,Berm,Crab,3,Collapsible_Crab_Trap,42.043344,70.640262,2023-06-29T00:00:00Z,1899-12-30T15:44:00Z,2023-06-30T00:00:00Z,2:42 PM,Y,CRM,CAMA,59,NA,M,ml,AJ
Duxbury_Beach,Berm,Crab,3,Collapsible_Crab_Trap,42.043344,70.640262,2023-06-29T00:00:00Z,1899-12-30T15:44:00Z,2023-06-30T00:00:00Z,2:42 PM,Y,CRM,CAMA,60,NA,NA,ml,AJ
Duxbury_Beach,Berm,Crab,3,Collapsible_Crab_Trap,42.043344,70.640262,2023-06-29T00:00:00Z,1899-12-30T15:44:00Z,2023-06-30T00:00:00Z,2:42 PM,Y,CRM,CAMA,59,NA,F,ml,AJ
Duxbury_Beach,Berm,Crab,3,Collapsible_Crab_Trap,42.043344,70.640262,2023-06-29T00:00:00Z,1899-12-30T15:44:00Z,2023-06-30T00:00:00Z,2:42 PM,Y,CRM,CAMA,46,NA,F,ml,AJ
Duxbury_Beach,Berm,Crab,3,Collapsible_Crab_Trap,42.043344,70.640262,2023-06-29T00:00:00Z,1899-12-30T15:44:00Z,2023-06-30T00:00:00Z,2:42 PM,Y,CRM,CAMA,46,NA,F,ml,AJ
Duxbury_Beach,Berm,Crab,3,Collapsible_Crab_Trap,42.043344,70.640262,2023-06-29T00:00:00Z,1899-12-30T15:44:00Z,2023-06-30T00:00:00Z,2:42 PM,Y,CRM,CAMA,45,NA,M,ml,AJ
Duxbury_Beach,Berm,Fish,1,Minnow_Trap,42.043028,70.639914,2023-06-29T00:00:00Z,1899-12-30T15:51:00Z,2023-06-30T00:00:00Z,2:50 PM,NA,CRM,CAMA,22,NA,M,ML,AJ
Duxbury_Beach,Berm,Fish,1,Minnow_Trap,42.043028,70.639914,2023-06-29T00:00:00Z,1899-12-30T15:51:00Z,2023-06-30T00:00:00Z,2:50 PM,NA,CRM,FUNS,70,NA,NA,ML,AJ
Duxbury_Beach,Berm,Fish,9,Minnow_Trap,42.043279,70.640174,2023-06-29T00:00:00Z,1899-12-30T15:46:00Z,2023-06-30T00:00:00Z,2:38 PM,NA,CRM,NOSP,NA,NA,NA,AJ,AJ
Duxbury_Beach,Berm,Fish,8,Minnow_Trap,42.043269,70.640168,2023-06-29T00:00:00Z,1899-12-30T15:48:00Z,2023-06-30T00:00:00Z,2:38 PM,NA,CRM,NOSP,NA,NA,NA,AJ,AJ
Duxbury_Beach,Control,Crab,2,Collapsible_Crab_Trap,42.039327,70.63681,2023-06-29T00:00:00Z,1899-12-30T16:19:00Z,2023-06-30T00:00:00Z,3:05 PM,Y,CRM/AJ/ML,CAMA,54,NA,M,ML,AJ
Duxbury_Beach,Control,Crab,2,Collapsible_Crab_Trap,42.039327,70.63681,2023-06-29T00:00:00Z,1899-12-30T16:19:00Z,2023-06-30T00:00:00Z,3:05 PM,Y,CRM/AJ/ML,CAMA,47,NA,F,ML,AJ
Duxbury_Beach,Control,Crab,2,Collapsible_Crab_Trap,42.039327,70.63681,2023-06-29T00:00:00Z,1899-12-30T16:19:00Z,2023-06-30T00:00:00Z,3:05 PM,Y,CRM/AJ/ML,CAMA,51,NA,M,ML,AJ
Duxbury_Beach,Control,Crab,2,Collapsible_Crab_Trap,42.039327,70.63681,2023-06-29T00:00:00Z,1899-12-30T16:19:00Z,2023-06-30T00:00:00Z,3:05 PM,Y,CRM/AJ/ML,CAMA,76,NA,M,ML,AJ
Duxbury_Beach,Control,Crab,2,Collapsible_Crab_Trap,42.039327,70.63681,2023-06-29T00:00:00Z,1899-12-30T16:19:00Z,2023-06-30T00:00:00Z,3:05 PM,Y,CRM/AJ/ML,CAMA,57,NA,M,ML,AJ
Duxbury_Beach,Control,Crab,2,Collapsible_Crab_Trap,42.039327,70.63681,2023-06-29T00:00:00Z,1899-12-30T16:19:00Z,2023-06-30T00:00:00Z,3:05 PM,Y,CRM/AJ/ML,CAMA,60,NA,M,ML,AJ
Duxbury_Beach,Control,Crab,2,Collapsible_Crab_Trap,42.039327,70.63681,2023-06-29T00:00:00Z,1899-12-30T16:19:00Z,2023-06-30T00:00:00Z,3:05 PM,Y,CRM/AJ/ML,CAMA,53,NA,F,ML,AJ
Duxbury_Beach,Control,Crab,6,Collapsible_Crab_Trap,42.038904,70.636453,2023-06-29T00:00:00Z,1899-12-30T16:25:00Z,2023-06-30T00:00:00Z,3:10 PM,Y,CRM/AJ/ML,CAMA,57,NA,F,ML,AJ
Duxbury_Beach,Control,Crab,6,Collapsible_Crab_Trap,42.038904,70.636453,2023-06-29T00:00:00Z,1899-12-30T16:25:00Z,2023-06-30T00:00:00Z,3:10 PM,Y,CRM/AJ/ML,CAMA,54,NA,F,ML,AJ
Duxbury_Beach,Control,Crab,6,Collapsible_Crab_Trap,42.038904,70.636453,2023-06-29T00:00:00Z,1899-12-30T16:25:00Z,2023-06-30T00:00:00Z,3:10 PM,Y,CRM/AJ/ML,CAMA,67,NA,M,ML,AJ
Duxbury_Beach,Control,Crab,6,Collapsible_Crab_Trap,42.038904,70.636453,2023-06-29T00:00:00Z,1899-12-30T16:25:00Z,2023-06-30T00:00:00Z,3:10 PM,Y,CRM/AJ/ML,CAMA,67,NA,M,ML,AJ
Duxbury_Beach,Control,Crab,6,Collapsible_Crab_Trap,42.038904,70.636453,2023-06-29T00:00:00Z,1899-12-30T16:25:00Z,2023-06-30T00:00:00Z,3:10 PM,Y,CRM/AJ/ML,CAMA,70,NA,M,ML,AJ
Duxbury_Beach,Control,Crab,6,Collapsible_Crab_Trap,42.038904,70.636453,2023-06-29T00:00:00Z,1899-12-30T16:25:00Z,2023-06-30T00:00:00Z,3:10 PM,Y,CRM/AJ/ML,CAMA,64,NA,M,ML,AJ
Duxbury_Beach,Control,Crab,6,Collapsible_Crab_Trap,42.038904,70.636453,2023-06-29T00:00:00Z,1899-12-30T16:25:00Z,2023-06-30T00:00:00Z,3:10 PM,Y,CRM/AJ/ML,CAMA,59,NA,M,ML,AJ
Duxbury_Beach,Control,Crab,6,Collapsible_Crab_Trap,42.038904,70.636453,2023-06-29T00:00:00Z,1899-12-30T16:25:00Z,2023-06-30T00:00:00Z,3:10 PM,Y,CRM/AJ/ML,CAMA,50,NA,F,ML,AJ
Duxbury_Beach,Control,Crab,6,Collapsible_Crab_Trap,42.038904,70.636453,2023-06-29T00:00:00Z,1899-12-30T16:25:00Z,2023-06-30T00:00:00Z,3:10 PM,Y,CRM/AJ/ML,CAMA,51,NA,F,ML,AJ
Duxbury_Beach,Control,Crab,6,Collapsible_Crab_Trap,42.038904,70.636453,2023-06-29T00:00:00Z,1899-12-30T16:25:00Z,2023-06-30T00:00:00Z,3:10 PM,Y,CRM/AJ/ML,CAMA,60,NA,M,ML,AJ
Duxbury_Beach,Control,Crab,8,Collapsible_Crab_Trap,42.03918,70.636756,2023-06-29T00:00:00Z,1899-12-30T16:20:00Z,2023-06-30T00:00:00Z,3:16 PM,Y,CRM/AJ/ML,CAMA,49,NA,F,ML,AJ
Duxbury_Beach,Control,Crab,8,Collapsible_Crab_Trap,42.03918,70.636756,2023-06-29T00:00:00Z,1899-12-30T16:20:00Z,2023-06-30T00:00:00Z,3:16 PM,Y,CRM/AJ/ML,CAMA,48,NA,F,ML,AJ
Duxbury_Beach,Control,Crab,8,Collapsible_Crab_Trap,42.03918,70.636756,2023-06-29T00:00:00Z,1899-12-30T16:20:00Z,2023-06-30T00:00:00Z,3:16 PM,Y,CRM/AJ/ML,CAMA,44,NA,F,ML,AJ
Duxbury_Beach,Control,Crab,8,Collapsible_Crab_Trap,42.03918,70.636756,2023-06-29T00:00:00Z,1899-12-30T16:20:00Z,2023-06-30T00:00:00Z,3:16 PM,Y,CRM/AJ/ML,CAMA,47,NA,F,ML,AJ
Duxbury_Beach,Control,Crab,8,Collapsible_Crab_Trap,42.03918,70.636756,2023-06-29T00:00:00Z,1899-12-30T16:20:00Z,2023-06-30T00:00:00Z,3:16 PM,Y,CRM/AJ/ML,CAMA,26,NA,M,ML,AJ
Duxbury_Beach,Control,Crab,1,Collapsible_Crab_Trap,42.039106,70.636653,2023-06-29T00:00:00Z,1899-12-30T16:22:00Z,2023-06-30T00:00:00Z,3:20 PM,Y,CRM/AJ/ML,CAMA,49,NA,F,ML,AJ
Duxbury_Beach,Control,Crab,1,Collapsible_Crab_Trap,42.039106,70.636653,2023-06-29T00:00:00Z,1899-12-30T16:22:00Z,2023-06-30T00:00:00Z,3:20 PM,Y,CRM/AJ/ML,CAMA,44,NA,F,ML,AJ
Duxbury_Beach,Control,Crab,1,Collapsible_Crab_Trap,42.039106,70.636653,2023-06-29T00:00:00Z,1899-12-30T16:22:00Z,2023-06-30T00:00:00Z,3:20 PM,Y,CRM/AJ/ML,CAMA,55,NA,F,ML,AJ
Duxbury_Beach,Control,Crab,1,Collapsible_Crab_Trap,42.039106,70.636653,2023-06-29T00:00:00Z,1899-12-30T16:22:00Z,2023-06-30T00:00:00Z,3:20 PM,Y,CRM/AJ/ML,CAMA,43,NA,F,ML,AJ
Duxbury_Beach,Control,Crab,1,Collapsible_Crab_Trap,42.039106,70.636653,2023-06-29T00:00:00Z,1899-12-30T16:22:00Z,2023-06-30T00:00:00Z,3:20 PM,Y,CRM/AJ/ML,CAMA,52,NA,F,ML,AJ
Duxbury_Beach,Control,Fish,6,Minnow_Trap,42.039401,70.636899,2023-06-29T00:00:00Z,1899-12-30T16:18:00Z,2023-06-30T00:00:00Z,3:00 PM,NA,CRM/AJ/ML,NOSP,NA,NA,NA,AJ,AJ
Duxbury_Beach,Control,Fish,7,Minnow_Trap,42.038802,70.636432,2023-06-29T00:00:00Z,1899-12-30T16:24:00Z,2023-06-30T00:00:00Z,3:02 PM,NA,CRM/AJ/ML,NOSP,NA,NA,NA,AJ,AJ
Duxbury_Beach,Control,Fish,4,Minnow_Trap,42.039231,70.63672,2023-06-29T00:00:00Z,1899-12-30T16:21:00Z,2023-06-30T00:00:00Z,3:04 PM,NA,CRM/AJ/ML,NOSP,NA,NA,NA,AJ,AJ
Duxbury_Beach,Control,Fish,3,Minnow_Trap,42.039334,70.636843,2023-06-29T00:00:00Z,1899-12-30T16:19:00Z,2023-06-30T00:00:00Z,3:05 PM,NA,CRM/AJ/ML,NOSP,NA,NA,NA,AJ,AJ
Duxbury_Beach,Control,Fish,2,Minnow_Trap,42.023504,70.654845,2023-06-29T00:00:00Z,1899-12-30T16:22:00Z,2023-06-30T00:00:00Z,3:05 PM,NA,CRM/AJ/ML,NOSP,NA,NA,NA,AJ,AJ
Duxbury_Beach,Control,Crab,5,Collapsible_Crab_Trap,42.039041,70.636555,2023-06-29T00:00:00Z,1899-12-30T16:23:00Z,2023-06-30T00:00:00Z,3:10 PM,Y,CRM/AJ/ML,NOSP,NA,NA,NA,AJ,AJ
